date,product_id,recommended_price,expected_profit,baseline_units,elasticity_used,comp_price_ref
2025-07-29,1,872.48,6949.75,19.795,-3.261,969.42
2025-07-30,1,872.48,6761.71,19.26,-3.261,969.42
2025-07-31,1,872.48,6715.51,19.128,-3.261,969.42
2025-08-01,1,872.48,7004.06,19.95,-3.261,969.42
2025-08-02,1,872.48,6841.03,19.486,-3.261,969.42
2025-08-03,1,872.48,6860.5,19.541,-3.261,969.42
2025-08-04,1,872.48,6988.47,19.906,-3.261,969.42
2025-08-05,1,872.48,6862.03,19.545,-3.261,969.42
2025-08-06,1,872.48,6871.8,19.573,-3.261,969.42
2025-08-07,1,872.48,6874.2,19.58,-3.261,969.42
2025-08-08,1,872.48,6859.21,19.537,-3.261,969.42
2025-08-09,1,872.48,6867.68,19.561,-3.261,969.42
2025-08-10,1,872.48,6866.66,19.559,-3.261,969.42
2025-08-11,1,872.48,6860.02,19.54,-3.261,969.42
2025-08-12,1,872.48,6866.59,19.558,-3.261,969.42
2025-08-13,1,872.48,6866.08,19.557,-3.261,969.42
2025-08-14,1,872.48,6865.95,19.557,-3.261,969.42
2025-08-15,1,872.48,6866.73,19.559,-3.261,969.42
2025-08-16,1,872.48,6866.29,19.558,-3.261,969.42
2025-08-17,1,872.48,6866.34,19.558,-3.261,969.42
2025-08-18,1,872.48,6866.69,19.559,-3.261,969.42
2025-08-19,1,872.48,6866.35,19.558,-3.261,969.42
2025-08-20,1,872.48,6866.38,19.558,-3.261,969.42
2025-08-21,1,872.48,6866.38,19.558,-3.261,969.42
2025-08-22,1,872.48,6866.34,19.558,-3.261,969.42
2025-08-23,1,872.48,6866.36,19.558,-3.261,969.42
2025-08-24,1,872.48,6866.36,19.558,-3.261,969.42
2025-08-25,1,872.48,6866.34,19.558,-3.261,969.42
2025-08-26,1,872.48,6866.36,19.558,-3.261,969.42
2025-08-27,1,872.48,6866.36,19.558,-3.261,969.42
2025-07-29,2,1169.94,6764.74,19.844,-5.289,1299.93
2025-07-30,2,1169.94,6737.19,19.763,-5.289,1299.93
2025-07-31,2,1169.94,6732.84,19.751,-5.289,1299.93
2025-08-01,2,1169.94,6723.95,19.725,-5.289,1299.93
2025-08-02,2,1169.94,6694.37,19.638,-5.289,1299.93
2025-08-03,2,1169.94,6724.14,19.725,-5.289,1299.93
2025-08-04,2,1169.94,6758.31,19.825,-5.289,1299.93
2025-08-05,2,1169.94,6737.89,19.765,-5.289,1299.93
2025-08-06,2,1169.94,6737.3,19.764,-5.289,1299.93
2025-08-07,2,1169.94,6737.21,19.763,-5.289,1299.93
2025-08-08,2,1169.94,6737.02,19.763,-5.289,1299.93
2025-08-09,2,1169.94,6736.39,19.761,-5.289,1299.93
2025-08-10,2,1169.94,6737.02,19.763,-5.289,1299.93
2025-08-11,2,1169.94,6737.75,19.765,-5.289,1299.93
2025-08-12,2,1169.94,6737.31,19.764,-5.289,1299.93
2025-08-13,2,1169.94,6737.3,19.764,-5.289,1299.93
2025-08-14,2,1169.94,6737.3,19.764,-5.289,1299.93
2025-08-15,2,1169.94,6737.3,19.764,-5.289,1299.93
2025-08-16,2,1169.94,6737.28,19.764,-5.289,1299.93
2025-08-17,2,1169.94,6737.3,19.764,-5.289,1299.93
2025-08-18,2,1169.94,6737.31,19.764,-5.289,1299.93
2025-08-19,2,1169.94,6737.3,19.764,-5.289,1299.93
2025-08-20,2,1169.94,6737.3,19.764,-5.289,1299.93
2025-08-21,2,1169.94,6737.3,19.764,-5.289,1299.93
2025-08-22,2,1169.94,6737.3,19.764,-5.289,1299.93
2025-08-23,2,1169.94,6737.3,19.764,-5.289,1299.93
2025-08-24,2,1169.94,6737.3,19.764,-5.289,1299.93
2025-08-25,2,1169.94,6737.3,19.764,-5.289,1299.93
2025-08-26,2,1169.94,6737.3,19.764,-5.289,1299.93
2025-08-27,2,1169.94,6737.3,19.764,-5.289,1299.93
2025-07-29,3,1856.73,11068.09,20.128,-1.862,1687.94
2025-07-30,3,1856.73,11106.24,20.197,-1.862,1687.94
2025-07-31,3,1856.73,11066.8,20.126,-1.862,1687.94
2025-08-01,3,1856.73,11069.14,20.13,-1.862,1687.94
2025-08-02,3,1856.73,11164.42,20.303,-1.862,1687.94
2025-08-03,3,1856.73,10477.49,19.054,-1.862,1687.94
2025-08-04,3,1856.73,10526.64,19.143,-1.862,1687.94
2025-08-05,3,1856.73,10877.51,19.781,-1.862,1687.94
2025-08-06,3,1856.73,10880.89,19.788,-1.862,1687.94
2025-08-07,3,1856.73,10877.39,19.781,-1.862,1687.94
2025-08-08,3,1856.73,10877.6,19.782,-1.862,1687.94
2025-08-09,3,1856.73,10886.05,19.797,-1.862,1687.94
2025-08-10,3,1856.73,10825.11,19.686,-1.862,1687.94
2025-08-11,3,1856.73,10829.47,19.694,-1.862,1687.94
2025-08-12,3,1856.73,10860.6,19.751,-1.862,1687.94
2025-08-13,3,1856.73,10860.9,19.751,-1.862,1687.94
2025-08-14,3,1856.73,10860.59,19.751,-1.862,1687.94
2025-08-15,3,1856.73,10860.61,19.751,-1.862,1687.94
2025-08-16,3,1856.73,10861.36,19.752,-1.862,1687.94
2025-08-17,3,1856.73,10855.95,19.742,-1.862,1687.94
2025-08-18,3,1856.73,10856.34,19.743,-1.862,1687.94
2025-08-19,3,1856.73,10859.1,19.748,-1.862,1687.94
2025-08-20,3,1856.73,10859.12,19.748,-1.862,1687.94
2025-08-21,3,1856.73,10859.1,19.748,-1.862,1687.94
2025-08-22,3,1856.73,10859.1,19.748,-1.862,1687.94
2025-08-23,3,1856.73,10859.17,19.748,-1.862,1687.94
2025-08-24,3,1856.73,10858.69,19.747,-1.862,1687.94
2025-08-25,3,1856.73,10858.72,19.747,-1.862,1687.94
2025-08-26,3,1856.73,10858.96,19.748,-1.862,1687.94
2025-08-27,3,1856.73,10858.97,19.748,-1.862,1687.94
2025-07-29,4,173.45,1646.36,19.868,-6.035,192.72
2025-07-30,4,173.45,1547.42,18.674,-6.035,192.72
2025-07-31,4,173.45,1565.75,18.895,-6.035,192.72
2025-08-01,4,173.45,1611.14,19.443,-6.035,192.72
2025-08-02,4,173.45,1613.16,19.467,-6.035,192.72
2025-08-03,4,173.45,1647.3,19.879,-6.035,192.72
2025-08-04,4,173.45,1625.85,19.62,-6.035,192.72
2025-08-05,4,173.45,1624.04,19.599,-6.035,192.72
2025-08-06,4,173.45,1632.23,19.697,-6.035,192.72
2025-08-07,4,173.45,1630.71,19.679,-6.035,192.72
2025-08-08,4,173.45,1626.96,19.634,-6.035,192.72
2025-08-09,4,173.45,1626.79,19.632,-6.035,192.72
2025-08-10,4,173.45,1623.96,19.598,-6.035,192.72
2025-08-11,4,173.45,1625.74,19.619,-6.035,192.72
2025-08-12,4,173.45,1625.89,19.621,-6.035,192.72
2025-08-13,4,173.45,1625.21,19.613,-6.035,192.72
2025-08-14,4,173.45,1625.34,19.614,-6.035,192.72
2025-08-15,4,173.45,1625.65,19.618,-6.035,192.72
2025-08-16,4,173.45,1625.66,19.618,-6.035,192.72
2025-08-17,4,173.45,1625.9,19.621,-6.035,192.72
2025-08-18,4,173.45,1625.75,19.619,-6.035,192.72
2025-08-19,4,173.45,1625.74,19.619,-6.035,192.72
2025-08-20,4,173.45,1625.79,19.62,-6.035,192.72
2025-08-21,4,173.45,1625.78,19.62,-6.035,192.72
2025-08-22,4,173.45,1625.76,19.619,-6.035,192.72
2025-08-23,4,173.45,1625.76,19.619,-6.035,192.72
2025-08-24,4,173.45,1625.74,19.619,-6.035,192.72
2025-08-25,4,173.45,1625.75,19.619,-6.035,192.72
2025-08-26,4,173.45,1625.75,19.619,-6.035,192.72
2025-08-27,4,173.45,1625.74,19.619,-6.035,192.72
2025-07-29,5,447.36,2523.41,19.604,-0.217,406.69
2025-07-30,5,447.36,2524.02,19.609,-0.217,406.69
2025-07-31,5,447.36,2528.64,19.645,-0.217,406.69
2025-08-01,5,447.36,2541.84,19.748,-0.217,406.69
2025-08-02,5,447.36,2527.35,19.635,-0.217,406.69
2025-08-03,5,447.36,2516.63,19.552,-0.217,406.69
2025-08-04,5,447.36,2529.81,19.654,-0.217,406.69
2025-08-05,5,447.36,2527.83,19.639,-0.217,406.69
2025-08-06,5,447.36,2527.82,19.639,-0.217,406.69
2025-08-07,5,447.36,2527.76,19.638,-0.217,406.69
2025-08-08,5,447.36,2527.59,19.637,-0.217,406.69
2025-08-09,5,447.36,2527.78,19.638,-0.217,406.69
2025-08-10,5,447.36,2527.91,19.639,-0.217,406.69
2025-08-11,5,447.36,2527.74,19.638,-0.217,406.69
2025-08-12,5,447.36,2527.77,19.638,-0.217,406.69
2025-08-13,5,447.36,2527.77,19.638,-0.217,406.69
2025-08-14,5,447.36,2527.77,19.638,-0.217,406.69
2025-08-15,5,447.36,2527.77,19.638,-0.217,406.69
2025-08-16,5,447.36,2527.77,19.638,-0.217,406.69
2025-08-17,5,447.36,2527.77,19.638,-0.217,406.69
2025-08-18,5,447.36,2527.77,19.638,-0.217,406.69
2025-08-19,5,447.36,2527.77,19.638,-0.217,406.69
2025-08-20,5,447.36,2527.77,19.638,-0.217,406.69
2025-08-21,5,447.36,2527.77,19.638,-0.217,406.69
2025-08-22,5,447.36,2527.77,19.638,-0.217,406.69
2025-08-23,5,447.36,2527.77,19.638,-0.217,406.69
2025-08-24,5,447.36,2527.77,19.638,-0.217,406.69
2025-08-25,5,447.36,2527.77,19.638,-0.217,406.69
2025-08-26,5,447.36,2527.77,19.638,-0.217,406.69
2025-08-27,5,447.36,2527.77,19.638,-0.217,406.69
2025-07-29,6,125.36,1053.54,20.407,2.588,113.96
2025-07-30,6,125.36,1042.19,20.188,2.588,113.96
2025-07-31,6,125.36,1020.31,19.764,2.588,113.96
2025-08-01,6,125.36,1014.76,19.656,2.588,113.96
2025-08-02,6,125.36,1031.25,19.976,2.588,113.96
2025-08-03,6,125.36,1028.45,19.921,2.588,113.96
2025-08-04,6,125.36,1025.73,19.869,2.588,113.96
2025-08-05,6,125.36,1032.65,20.003,2.588,113.96
2025-08-06,6,125.36,1032.05,19.991,2.588,113.96
2025-08-07,6,125.36,1030.88,19.968,2.588,113.96
2025-08-08,6,125.36,1030.58,19.963,2.588,113.96
2025-08-09,6,125.36,1031.46,19.98,2.588,113.96
2025-08-10,6,125.36,1031.31,19.977,2.588,113.96
2025-08-11,6,125.36,1031.17,19.974,2.588,113.96
2025-08-12,6,125.36,1031.54,19.981,2.588,113.96
2025-08-13,6,125.36,1031.51,19.981,2.588,113.96
2025-08-14,6,125.36,1031.44,19.979,2.588,113.96
2025-08-15,6,125.36,1031.43,19.979,2.588,113.96
2025-08-16,6,125.36,1031.48,19.98,2.588,113.96
2025-08-17,6,125.36,1031.47,19.98,2.588,113.96
2025-08-18,6,125.36,1031.46,19.98,2.588,113.96
2025-08-19,6,125.36,1031.48,19.98,2.588,113.96
2025-08-20,6,125.36,1031.48,19.98,2.588,113.96
2025-08-21,6,125.36,1031.47,19.98,2.588,113.96
2025-08-22,6,125.36,1031.47,19.98,2.588,113.96
2025-08-23,6,125.36,1031.48,19.98,2.588,113.96
2025-08-24,6,125.36,1031.48,19.98,2.588,113.96
2025-08-25,6,125.36,1031.48,19.98,2.588,113.96
2025-08-26,6,125.36,1031.48,19.98,2.588,113.96
2025-08-27,6,125.36,1031.48,19.98,2.588,113.96
2025-07-29,7,1667.47,8896.71,19.875,-8.16,1751.23
2025-07-30,7,1667.47,8727.23,19.496,-8.16,1751.23
2025-07-31,7,1667.47,8953.39,20.001,-8.16,1751.23
2025-08-01,7,1667.47,9152.34,20.446,-8.16,1751.23
2025-08-02,7,1667.47,8917.0,19.92,-8.16,1751.23
2025-08-03,7,1667.47,9168.59,20.482,-8.16,1751.23
2025-08-04,7,1667.47,9068.86,20.259,-8.16,1751.23
2025-08-05,7,1667.47,8875.97,19.828,-8.16,1751.23
2025-08-06,7,1667.47,8892.44,19.865,-8.16,1751.23
2025-08-07,7,1667.47,8870.46,19.816,-8.16,1751.23
2025-08-08,7,1667.47,8851.13,19.773,-8.16,1751.23
2025-08-09,7,1667.47,8874.0,19.824,-8.16,1751.23
2025-08-10,7,1667.47,8849.55,19.769,-8.16,1751.23
2025-08-11,7,1667.47,8859.24,19.791,-8.16,1751.23
2025-08-12,7,1667.47,8877.98,19.833,-8.16,1751.23
2025-08-13,7,1667.47,8876.38,19.829,-8.16,1751.23
2025-08-14,7,1667.47,8878.52,19.834,-8.16,1751.23
2025-08-15,7,1667.47,8880.4,19.838,-8.16,1751.23
2025-08-16,7,1667.47,8878.17,19.833,-8.16,1751.23
2025-08-17,7,1667.47,8880.55,19.839,-8.16,1751.23
2025-08-18,7,1667.47,8879.61,19.836,-8.16,1751.23
2025-08-19,7,1667.47,8877.79,19.832,-8.16,1751.23
2025-08-20,7,1667.47,8877.94,19.833,-8.16,1751.23
2025-08-21,7,1667.47,8877.74,19.832,-8.16,1751.23
2025-08-22,7,1667.47,8877.55,19.832,-8.16,1751.23
2025-08-23,7,1667.47,8877.77,19.832,-8.16,1751.23
2025-08-24,7,1667.47,8877.54,19.832,-8.16,1751.23
2025-08-25,7,1667.47,8877.63,19.832,-8.16,1751.23
2025-08-26,7,1667.47,8877.81,19.832,-8.16,1751.23
2025-08-27,7,1667.47,8877.79,19.832,-8.16,1751.23
2025-07-29,8,1027.82,7165.3,19.961,-4.726,1142.02
2025-07-30,8,1027.82,7249.42,20.196,-4.726,1142.02
2025-07-31,8,1027.82,7354.71,20.489,-4.726,1142.02
2025-08-01,8,1027.82,7373.5,20.541,-4.726,1142.02
2025-08-02,8,1027.82,7271.84,20.258,-4.726,1142.02
2025-08-03,8,1027.82,7243.34,20.179,-4.726,1142.02
2025-08-04,8,1027.82,7475.59,20.826,-4.726,1142.02
2025-08-05,8,1027.82,7312.22,20.371,-4.726,1142.02
2025-08-06,8,1027.82,7316.61,20.383,-4.726,1142.02
2025-08-07,8,1027.82,7322.1,20.398,-4.726,1142.02
2025-08-08,8,1027.82,7323.08,20.401,-4.726,1142.02
2025-08-09,8,1027.82,7317.78,20.386,-4.726,1142.02
2025-08-10,8,1027.82,7316.29,20.382,-4.726,1142.02
2025-08-11,8,1027.82,7328.41,20.416,-4.726,1142.02
2025-08-12,8,1027.82,7319.89,20.392,-4.726,1142.02
2025-08-13,8,1027.82,7320.11,20.393,-4.726,1142.02
2025-08-14,8,1027.82,7320.4,20.393,-4.726,1142.02
2025-08-15,8,1027.82,7320.45,20.394,-4.726,1142.02
2025-08-16,8,1027.82,7320.18,20.393,-4.726,1142.02
2025-08-17,8,1027.82,7320.1,20.393,-4.726,1142.02
2025-08-18,8,1027.82,7320.73,20.394,-4.726,1142.02
2025-08-19,8,1027.82,7320.29,20.393,-4.726,1142.02
2025-08-20,8,1027.82,7320.3,20.393,-4.726,1142.02
2025-08-21,8,1027.82,7320.31,20.393,-4.726,1142.02
2025-08-22,8,1027.82,7320.31,20.393,-4.726,1142.02
2025-08-23,8,1027.82,7320.3,20.393,-4.726,1142.02
2025-08-24,8,1027.82,7320.3,20.393,-4.726,1142.02
2025-08-25,8,1027.82,7320.33,20.393,-4.726,1142.02
2025-08-26,8,1027.82,7320.31,20.393,-4.726,1142.02
2025-08-27,8,1027.82,7320.31,20.393,-4.726,1142.02
2025-07-29,9,1267.7,12397.05,19.423,6.124,1152.45
2025-07-30,9,1267.7,12395.51,19.421,6.124,1152.45
2025-07-31,9,1267.7,12017.34,18.828,6.124,1152.45
2025-08-01,9,1267.7,12992.76,20.356,6.124,1152.45
2025-08-02,9,1267.7,13334.41,20.892,6.124,1152.45
2025-08-03,9,1267.7,12169.98,19.067,6.124,1152.45
2025-08-04,9,1267.7,13199.05,20.68,6.124,1152.45
2025-08-05,9,1267.7,12562.9,19.683,6.124,1152.45
2025-08-06,9,1267.7,12562.73,19.683,6.124,1152.45
2025-08-07,9,1267.7,12520.15,19.616,6.124,1152.45
2025-08-08,9,1267.7,12629.99,19.788,6.124,1152.45
2025-08-09,9,1267.7,12668.46,19.848,6.124,1152.45
2025-08-10,9,1267.7,12537.33,19.643,6.124,1152.45
2025-08-11,9,1267.7,12653.22,19.825,6.124,1152.45
2025-08-12,9,1267.7,12581.58,19.712,6.124,1152.45
2025-08-13,9,1267.7,12581.56,19.712,6.124,1152.45
2025-08-14,9,1267.7,12576.77,19.705,6.124,1152.45
2025-08-15,9,1267.7,12589.14,19.724,6.124,1152.45
2025-08-16,9,1267.7,12593.47,19.731,6.124,1152.45
2025-08-17,9,1267.7,12578.7,19.708,6.124,1152.45
2025-08-18,9,1267.7,12591.75,19.728,6.124,1152.45
2025-08-19,9,1267.7,12583.69,19.716,6.124,1152.45
2025-08-20,9,1267.7,12583.68,19.716,6.124,1152.45
2025-08-21,9,1267.7,12583.14,19.715,6.124,1152.45
2025-08-22,9,1267.7,12584.54,19.717,6.124,1152.45
2025-08-23,9,1267.7,12585.02,19.718,6.124,1152.45
2025-08-24,9,1267.7,12583.36,19.715,6.124,1152.45
2025-08-25,9,1267.7,12584.83,19.717,6.124,1152.45
2025-08-26,9,1267.7,12583.92,19.716,6.124,1152.45
2025-08-27,9,1267.7,12583.92,19.716,6.124,1152.45
2025-07-29,10,2070.39,12445.34,19.59,-0.719,1882.17
2025-07-30,10,2070.39,12433.9,19.572,-0.719,1882.17
2025-07-31,10,2070.39,12377.45,19.483,-0.719,1882.17
2025-08-01,10,2070.39,12356.4,19.45,-0.719,1882.17
2025-08-02,10,2070.39,12355.85,19.449,-0.719,1882.17
2025-08-03,10,2070.39,12330.7,19.41,-0.719,1882.17
2025-08-04,10,2070.39,12460.21,19.613,-0.719,1882.17
2025-08-05,10,2070.39,12390.7,19.504,-0.719,1882.17
2025-08-06,10,2070.39,12390.32,19.503,-0.719,1882.17
2025-08-07,10,2070.39,12388.47,19.5,-0.719,1882.17
2025-08-08,10,2070.39,12387.78,19.499,-0.719,1882.17
2025-08-09,10,2070.39,12387.77,19.499,-0.719,1882.17
2025-08-10,10,2070.39,12386.94,19.498,-0.719,1882.17
2025-08-11,10,2070.39,12391.19,19.505,-0.719,1882.17
2025-08-12,10,2070.39,12388.91,19.501,-0.719,1882.17
2025-08-13,10,2070.39,12388.9,19.501,-0.719,1882.17
2025-08-14,10,2070.39,12388.84,19.501,-0.719,1882.17
2025-08-15,10,2070.39,12388.81,19.501,-0.719,1882.17
2025-08-16,10,2070.39,12388.81,19.501,-0.719,1882.17
2025-08-17,10,2070.39,12388.79,19.501,-0.719,1882.17
2025-08-18,10,2070.39,12388.92,19.501,-0.719,1882.17
2025-08-19,10,2070.39,12388.85,19.501,-0.719,1882.17
2025-08-20,10,2070.39,12388.85,19.501,-0.719,1882.17
2025-08-21,10,2070.39,12388.85,19.501,-0.719,1882.17
2025-08-22,10,2070.39,12388.85,19.501,-0.719,1882.17
2025-08-23,10,2070.39,12388.85,19.501,-0.719,1882.17
2025-08-24,10,2070.39,12388.85,19.501,-0.719,1882.17
2025-08-25,10,2070.39,12388.85,19.501,-0.719,1882.17
2025-08-26,10,2070.39,12388.85,19.501,-0.719,1882.17
2025-08-27,10,2070.39,12388.85,19.501,-0.719,1882.17
2025-07-29,11,84.88,426.69,20.655,-7.302,89.91
2025-07-30,11,84.88,427.04,20.673,-7.302,89.91
2025-07-31,11,84.88,424.2,20.535,-7.302,89.91
2025-08-01,11,84.88,427.44,20.692,-7.302,89.91
2025-08-02,11,84.88,426.73,20.657,-7.302,89.91
2025-08-03,11,84.88,428.86,20.76,-7.302,89.91
2025-08-04,11,84.88,427.18,20.679,-7.302,89.91
2025-08-05,11,84.88,426.64,20.653,-7.302,89.91
2025-08-06,11,84.88,426.64,20.653,-7.302,89.91
2025-08-07,11,84.88,426.67,20.654,-7.302,89.91
2025-08-08,11,84.88,426.63,20.653,-7.302,89.91
2025-08-09,11,84.88,426.64,20.653,-7.302,89.91
2025-08-10,11,84.88,426.62,20.652,-7.302,89.91
2025-08-11,11,84.88,426.63,20.653,-7.302,89.91
2025-08-12,11,84.88,426.64,20.653,-7.302,89.91
2025-08-13,11,84.88,426.64,20.653,-7.302,89.91
2025-08-14,11,84.88,426.64,20.653,-7.302,89.91
2025-08-15,11,84.88,426.64,20.653,-7.302,89.91
2025-08-16,11,84.88,426.64,20.653,-7.302,89.91
2025-08-17,11,84.88,426.64,20.653,-7.302,89.91
2025-08-18,11,84.88,426.64,20.653,-7.302,89.91
2025-08-19,11,84.88,426.64,20.653,-7.302,89.91
2025-08-20,11,84.88,426.64,20.653,-7.302,89.91
2025-08-21,11,84.88,426.64,20.653,-7.302,89.91
2025-08-22,11,84.88,426.64,20.653,-7.302,89.91
2025-08-23,11,84.88,426.64,20.653,-7.302,89.91
2025-08-24,11,84.88,426.64,20.653,-7.302,89.91
2025-08-25,11,84.88,426.64,20.653,-7.302,89.91
2025-08-26,11,84.88,426.64,20.653,-7.302,89.91
2025-08-27,11,84.88,426.64,20.653,-7.302,89.91
2025-07-29,12,336.41,2662.07,19.187,3.092,305.83
2025-07-30,12,336.41,2618.89,18.876,3.092,305.83
2025-07-31,12,336.41,2517.17,18.143,3.092,305.83
2025-08-01,12,336.41,2689.93,19.388,3.092,305.83
2025-08-02,12,336.41,2689.98,19.388,3.092,305.83
2025-08-03,12,336.41,2667.59,19.227,3.092,305.83
2025-08-04,12,336.41,2710.95,19.539,3.092,305.83
2025-08-05,12,336.41,2642.71,19.048,3.092,305.83
2025-08-06,12,336.41,2646.22,19.073,3.092,305.83
2025-08-07,12,336.41,2654.51,19.133,3.092,305.83
2025-08-08,12,336.41,2640.44,19.031,3.092,305.83
2025-08-09,12,336.41,2640.44,19.031,3.092,305.83
2025-08-10,12,336.41,2642.26,19.044,3.092,305.83
2025-08-11,12,336.41,2638.73,19.019,3.092,305.83
2025-08-12,12,336.41,2644.29,19.059,3.092,305.83
2025-08-13,12,336.41,2644.0,19.057,3.092,305.83
2025-08-14,12,336.41,2643.32,19.052,3.092,305.83
2025-08-15,12,336.41,2644.47,19.06,3.092,305.83
2025-08-16,12,336.41,2644.47,19.06,3.092,305.83
2025-08-17,12,336.41,2644.32,19.059,3.092,305.83
2025-08-18,12,336.41,2644.61,19.061,3.092,305.83
2025-08-19,12,336.41,2644.16,19.058,3.092,305.83
2025-08-20,12,336.41,2644.18,19.058,3.092,305.83
2025-08-21,12,336.41,2644.24,19.059,3.092,305.83
2025-08-22,12,336.41,2644.14,19.058,3.092,305.83
2025-08-23,12,336.41,2644.14,19.058,3.092,305.83
2025-08-24,12,336.41,2644.15,19.058,3.092,305.83
2025-08-25,12,336.41,2644.13,19.058,3.092,305.83
2025-08-26,12,336.41,2644.17,19.058,3.092,305.83
2025-08-27,12,336.41,2644.17,19.058,3.092,305.83
2025-07-29,13,881.49,27357.42,20.256,11.016,801.35
2025-07-30,13,881.49,27452.27,20.326,11.016,801.35
2025-07-31,13,881.49,27409.76,20.295,11.016,801.35
2025-08-01,13,881.49,27427.54,20.308,11.016,801.35
2025-08-02,13,881.49,27325.5,20.233,11.016,801.35
2025-08-03,13,881.49,26998.22,19.99,11.016,801.35
2025-08-04,13,881.49,27185.77,20.129,11.016,801.35
2025-08-05,13,881.49,27252.54,20.178,11.016,801.35
2025-08-06,13,881.49,27249.26,20.176,11.016,801.35
2025-08-07,13,881.49,27250.73,20.177,11.016,801.35
2025-08-08,13,881.49,27250.11,20.177,11.016,801.35
2025-08-09,13,881.49,27253.64,20.179,11.016,801.35
2025-08-10,13,881.49,27264.94,20.188,11.016,801.35
2025-08-11,13,881.49,27258.47,20.183,11.016,801.35
2025-08-12,13,881.49,27256.16,20.181,11.016,801.35
2025-08-13,13,881.49,27256.27,20.181,11.016,801.35
2025-08-14,13,881.49,27256.22,20.181,11.016,801.35
2025-08-15,13,881.49,27256.24,20.181,11.016,801.35
2025-08-16,13,881.49,27256.12,20.181,11.016,801.35
2025-08-17,13,881.49,27255.73,20.181,11.016,801.35
2025-08-18,13,881.49,27255.95,20.181,11.016,801.35
2025-08-19,13,881.49,27256.03,20.181,11.016,801.35
2025-08-20,13,881.49,27256.03,20.181,11.016,801.35
2025-08-21,13,881.49,27256.03,20.181,11.016,801.35
2025-08-22,13,881.49,27256.03,20.181,11.016,801.35
2025-08-23,13,881.49,27256.03,20.181,11.016,801.35
2025-08-24,13,881.49,27256.05,20.181,11.016,801.35
2025-08-25,13,881.49,27256.04,20.181,11.016,801.35
2025-08-26,13,881.49,27256.04,20.181,11.016,801.35
2025-08-27,13,881.49,27256.04,20.181,11.016,801.35
2025-07-29,14,867.31,3396.75,19.908,-3.59,788.46
2025-07-30,14,867.31,3428.28,20.092,-3.59,788.46
2025-07-31,14,867.31,3371.71,19.761,-3.59,788.46
2025-08-01,14,867.31,3468.83,20.33,-3.59,788.46
2025-08-02,14,867.31,3558.29,20.854,-3.59,788.46
2025-08-03,14,867.31,3370.27,19.752,-3.59,788.46
2025-08-04,14,867.31,3439.93,20.161,-3.59,788.46
2025-08-05,14,867.31,3450.25,20.221,-3.59,788.46
2025-08-06,14,867.31,3448.41,20.21,-3.59,788.46
2025-08-07,14,867.31,3451.7,20.23,-3.59,788.46
2025-08-08,14,867.31,3446.05,20.197,-3.59,788.46
2025-08-09,14,867.31,3440.85,20.166,-3.59,788.46
2025-08-10,14,867.31,3451.79,20.23,-3.59,788.46
2025-08-11,14,867.31,3447.73,20.206,-3.59,788.46
2025-08-12,14,867.31,3447.13,20.203,-3.59,788.46
2025-08-13,14,867.31,3447.24,20.203,-3.59,788.46
2025-08-14,14,867.31,3447.05,20.202,-3.59,788.46
2025-08-15,14,867.31,3447.38,20.204,-3.59,788.46
2025-08-16,14,867.31,3447.68,20.206,-3.59,788.46
2025-08-17,14,867.31,3447.04,20.202,-3.59,788.46
2025-08-18,14,867.31,3447.28,20.204,-3.59,788.46
2025-08-19,14,867.31,3447.31,20.204,-3.59,788.46
2025-08-20,14,867.31,3447.31,20.204,-3.59,788.46
2025-08-21,14,867.31,3447.32,20.204,-3.59,788.46
2025-08-22,14,867.31,3447.3,20.204,-3.59,788.46
2025-08-23,14,867.31,3447.28,20.204,-3.59,788.46
2025-08-24,14,867.31,3447.32,20.204,-3.59,788.46
2025-08-25,14,867.31,3447.31,20.204,-3.59,788.46
2025-08-26,14,867.31,3447.3,20.204,-3.59,788.46
2025-08-27,14,867.31,3447.3,20.204,-3.59,788.46
2025-07-29,15,151.87,946.88,18.683,-2.683,148.1
2025-07-30,15,151.87,946.71,18.68,-2.683,148.1
2025-07-31,15,151.87,961.81,18.978,-2.683,148.1
2025-08-01,15,151.87,951.44,18.773,-2.683,148.1
2025-08-02,15,151.87,946.77,18.681,-2.683,148.1
2025-08-03,15,151.87,959.09,18.924,-2.683,148.1
2025-08-04,15,151.87,956.89,18.881,-2.683,148.1
2025-08-05,15,151.87,950.18,18.748,-2.683,148.1
2025-08-06,15,151.87,950.19,18.748,-2.683,148.1
2025-08-07,15,151.87,949.44,18.734,-2.683,148.1
2025-08-08,15,151.87,949.95,18.744,-2.683,148.1
2025-08-09,15,151.87,950.18,18.748,-2.683,148.1
2025-08-10,15,151.87,949.58,18.736,-2.683,148.1
2025-08-11,15,151.87,949.69,18.738,-2.683,148.1
2025-08-12,15,151.87,950.02,18.745,-2.683,148.1
2025-08-13,15,151.87,950.02,18.745,-2.683,148.1
2025-08-14,15,151.87,950.05,18.746,-2.683,148.1
2025-08-15,15,151.87,950.03,18.745,-2.683,148.1
2025-08-16,15,151.87,950.02,18.745,-2.683,148.1
2025-08-17,15,151.87,950.05,18.746,-2.683,148.1
2025-08-18,15,151.87,950.04,18.745,-2.683,148.1
2025-08-19,15,151.87,950.02,18.745,-2.683,148.1
2025-08-20,15,151.87,950.02,18.745,-2.683,148.1
2025-08-21,15,151.87,950.02,18.745,-2.683,148.1
2025-08-22,15,151.87,950.02,18.745,-2.683,148.1
2025-08-23,15,151.87,950.02,18.745,-2.683,148.1
2025-08-24,15,151.87,950.02,18.745,-2.683,148.1
2025-08-25,15,151.87,950.02,18.745,-2.683,148.1
2025-08-26,15,151.87,950.02,18.745,-2.683,148.1
2025-08-27,15,151.87,950.02,18.745,-2.683,148.1
2025-07-29,16,1094.45,9544.32,19.991,0.11,994.95
2025-07-30,16,1094.45,9106.95,19.075,0.11,994.95
2025-07-31,16,1094.45,9185.46,19.24,0.11,994.95
2025-08-01,16,1094.45,9238.13,19.35,0.11,994.95
2025-08-02,16,1094.45,9249.18,19.373,0.11,994.95
2025-08-03,16,1094.45,8849.04,18.535,0.11,994.95
2025-08-04,16,1094.45,9079.49,19.018,0.11,994.95
2025-08-05,16,1094.45,9202.69,19.276,0.11,994.95
2025-08-06,16,1094.45,9186.5,19.242,0.11,994.95
2025-08-07,16,1094.45,9189.41,19.248,0.11,994.95
2025-08-08,16,1094.45,9191.36,19.252,0.11,994.95
2025-08-09,16,1094.45,9191.76,19.253,0.11,994.95
2025-08-10,16,1094.45,9176.95,19.222,0.11,994.95
2025-08-11,16,1094.45,9185.48,19.24,0.11,994.95
2025-08-12,16,1094.45,9190.04,19.249,0.11,994.95
2025-08-13,16,1094.45,9189.44,19.248,0.11,994.95
2025-08-14,16,1094.45,9189.55,19.248,0.11,994.95
2025-08-15,16,1094.45,9189.62,19.248,0.11,994.95
2025-08-16,16,1094.45,9189.64,19.248,0.11,994.95
2025-08-17,16,1094.45,9189.09,19.247,0.11,994.95
2025-08-18,16,1094.45,9189.41,19.248,0.11,994.95
2025-08-19,16,1094.45,9189.58,19.248,0.11,994.95
2025-08-20,16,1094.45,9189.55,19.248,0.11,994.95
2025-08-21,16,1094.45,9189.56,19.248,0.11,994.95
2025-08-22,16,1094.45,9189.56,19.248,0.11,994.95
2025-08-23,16,1094.45,9189.56,19.248,0.11,994.95
2025-08-24,16,1094.45,9189.54,19.248,0.11,994.95
2025-08-25,16,1094.45,9189.55,19.248,0.11,994.95
2025-08-26,16,1094.45,9189.56,19.248,0.11,994.95
2025-08-27,16,1094.45,9189.56,19.248,0.11,994.95
2025-07-29,17,2484.1,29308.36,19.351,3.199,2258.27
2025-07-30,17,2484.1,29753.53,19.644,3.199,2258.27
2025-07-31,17,2484.1,30245.39,19.969,3.199,2258.27
2025-08-01,17,2484.1,29419.21,19.424,3.199,2258.27
2025-08-02,17,2484.1,29471.21,19.458,3.199,2258.27
2025-08-03,17,2484.1,29752.51,19.644,3.199,2258.27
2025-08-04,17,2484.1,29421.4,19.425,3.199,2258.27
2025-08-05,17,2484.1,29515.88,19.488,3.199,2258.27
2025-08-06,17,2484.1,29499.67,19.477,3.199,2258.27
2025-08-07,17,2484.1,29481.77,19.465,3.199,2258.27
2025-08-08,17,2484.1,29511.84,19.485,3.199,2258.27
2025-08-09,17,2484.1,29509.95,19.484,3.199,2258.27
2025-08-10,17,2484.1,29499.71,19.477,3.199,2258.27
2025-08-11,17,2484.1,29511.76,19.485,3.199,2258.27
2025-08-12,17,2484.1,29508.32,19.483,3.199,2258.27
2025-08-13,17,2484.1,29508.91,19.483,3.199,2258.27
2025-08-14,17,2484.1,29509.56,19.483,3.199,2258.27
2025-08-15,17,2484.1,29508.47,19.483,3.199,2258.27
2025-08-16,17,2484.1,29508.54,19.483,3.199,2258.27
2025-08-17,17,2484.1,29508.91,19.483,3.199,2258.27
2025-08-18,17,2484.1,29508.47,19.483,3.199,2258.27
2025-08-19,17,2484.1,29508.6,19.483,3.199,2258.27
2025-08-20,17,2484.1,29508.58,19.483,3.199,2258.27
2025-08-21,17,2484.1,29508.55,19.483,3.199,2258.27
2025-08-22,17,2484.1,29508.59,19.483,3.199,2258.27
2025-08-23,17,2484.1,29508.59,19.483,3.199,2258.27
2025-08-24,17,2484.1,29508.58,19.483,3.199,2258.27
2025-08-25,17,2484.1,29508.59,19.483,3.199,2258.27
2025-08-26,17,2484.1,29508.59,19.483,3.199,2258.27
2025-08-27,17,2484.1,29508.59,19.483,3.199,2258.27
2025-07-29,18,1080.22,7196.58,19.973,-4.358,1152.5
2025-07-30,18,1080.22,7212.44,20.017,-4.358,1152.5
2025-07-31,18,1080.22,7369.95,20.454,-4.358,1152.5
2025-08-01,18,1080.22,7219.06,20.035,-4.358,1152.5
2025-08-02,18,1080.22,7068.37,19.617,-4.358,1152.5
2025-08-03,18,1080.22,7251.26,20.124,-4.358,1152.5
2025-08-04,18,1080.22,7270.11,20.177,-4.358,1152.5
2025-08-05,18,1080.22,7249.45,20.119,-4.358,1152.5
2025-08-06,18,1080.22,7248.98,20.118,-4.358,1152.5
2025-08-07,18,1080.22,7244.29,20.105,-4.358,1152.5
2025-08-08,18,1080.22,7248.78,20.118,-4.358,1152.5
2025-08-09,18,1080.22,7253.26,20.13,-4.358,1152.5
2025-08-10,18,1080.22,7247.82,20.115,-4.358,1152.5
2025-08-11,18,1080.22,7247.26,20.113,-4.358,1152.5
2025-08-12,18,1080.22,7247.88,20.115,-4.358,1152.5
2025-08-13,18,1080.22,7247.89,20.115,-4.358,1152.5
2025-08-14,18,1080.22,7248.03,20.115,-4.358,1152.5
2025-08-15,18,1080.22,7247.9,20.115,-4.358,1152.5
2025-08-16,18,1080.22,7247.76,20.115,-4.358,1152.5
2025-08-17,18,1080.22,7247.92,20.115,-4.358,1152.5
2025-08-18,18,1080.22,7247.94,20.115,-4.358,1152.5
2025-08-19,18,1080.22,7247.92,20.115,-4.358,1152.5
2025-08-20,18,1080.22,7247.92,20.115,-4.358,1152.5
2025-08-21,18,1080.22,7247.92,20.115,-4.358,1152.5
2025-08-22,18,1080.22,7247.92,20.115,-4.358,1152.5
2025-08-23,18,1080.22,7247.93,20.115,-4.358,1152.5
2025-08-24,18,1080.22,7247.92,20.115,-4.358,1152.5
2025-08-25,18,1080.22,7247.92,20.115,-4.358,1152.5
2025-08-26,18,1080.22,7247.92,20.115,-4.358,1152.5
2025-08-27,18,1080.22,7247.92,20.115,-4.358,1152.5
2025-07-29,19,1136.88,4656.18,19.106,-3.953,1033.53
2025-07-30,19,1136.88,4690.38,19.247,-3.953,1033.53
2025-07-31,19,1136.88,4335.85,17.792,-3.953,1033.53
2025-08-01,19,1136.88,5086.0,20.87,-3.953,1033.53
2025-08-02,19,1136.88,4718.49,19.362,-3.953,1033.53
2025-08-03,19,1136.88,4554.64,18.69,-3.953,1033.53
2025-08-04,19,1136.88,4726.98,19.397,-3.953,1033.53
2025-08-05,19,1136.88,4554.63,18.69,-3.953,1033.53
2025-08-06,19,1136.88,4550.72,18.674,-3.953,1033.53
2025-08-07,19,1136.88,4591.22,18.84,-3.953,1033.53
2025-08-08,19,1136.88,4505.53,18.488,-3.953,1033.53
2025-08-09,19,1136.88,4547.51,18.661,-3.953,1033.53
2025-08-10,19,1136.88,4566.23,18.737,-3.953,1033.53
2025-08-11,19,1136.88,4546.54,18.657,-3.953,1033.53
2025-08-12,19,1136.88,4566.23,18.737,-3.953,1033.53
2025-08-13,19,1136.88,4566.68,18.739,-3.953,1033.53
2025-08-14,19,1136.88,4562.05,18.72,-3.953,1033.53
2025-08-15,19,1136.88,4571.84,18.76,-3.953,1033.53
2025-08-16,19,1136.88,4567.04,18.741,-3.953,1033.53
2025-08-17,19,1136.88,4564.91,18.732,-3.953,1033.53
2025-08-18,19,1136.88,4567.16,18.741,-3.953,1033.53
2025-08-19,19,1136.88,4564.91,18.732,-3.953,1033.53
2025-08-20,19,1136.88,4564.85,18.732,-3.953,1033.53
2025-08-21,19,1136.88,4565.38,18.734,-3.953,1033.53
2025-08-22,19,1136.88,4564.26,18.729,-3.953,1033.53
2025-08-23,19,1136.88,4564.81,18.732,-3.953,1033.53
2025-08-24,19,1136.88,4565.06,18.733,-3.953,1033.53
2025-08-25,19,1136.88,4564.8,18.731,-3.953,1033.53
2025-08-26,19,1136.88,4565.06,18.733,-3.953,1033.53
2025-08-27,19,1136.88,4565.06,18.733,-3.953,1033.53
2025-07-29,20,252.93,1842.15,19.321,1.504,229.94
2025-07-30,20,252.93,1836.16,19.258,1.504,229.94
2025-07-31,20,252.93,1835.51,19.251,1.504,229.94
2025-08-01,20,252.93,1836.86,19.265,1.504,229.94
2025-08-02,20,252.93,1834.28,19.238,1.504,229.94
2025-08-03,20,252.93,1835.01,19.246,1.504,229.94
2025-08-04,20,252.93,1834.28,19.238,1.504,229.94
2025-08-05,20,252.93,1834.55,19.241,1.504,229.94
2025-08-06,20,252.93,1834.57,19.241,1.504,229.94
2025-08-07,20,252.93,1834.58,19.241,1.504,229.94
2025-08-08,20,252.93,1834.57,19.241,1.504,229.94
2025-08-09,20,252.93,1834.58,19.241,1.504,229.94
2025-08-10,20,252.93,1834.58,19.241,1.504,229.94
2025-08-11,20,252.93,1834.58,19.241,1.504,229.94
2025-08-12,20,252.93,1834.58,19.241,1.504,229.94
2025-08-13,20,252.93,1834.58,19.241,1.504,229.94
2025-08-14,20,252.93,1834.58,19.241,1.504,229.94
2025-08-15,20,252.93,1834.58,19.241,1.504,229.94
2025-08-16,20,252.93,1834.58,19.241,1.504,229.94
2025-08-17,20,252.93,1834.58,19.241,1.504,229.94
2025-08-18,20,252.93,1834.58,19.241,1.504,229.94
2025-08-19,20,252.93,1834.58,19.241,1.504,229.94
2025-08-20,20,252.93,1834.58,19.241,1.504,229.94
2025-08-21,20,252.93,1834.58,19.241,1.504,229.94
2025-08-22,20,252.93,1834.58,19.241,1.504,229.94
2025-08-23,20,252.93,1834.58,19.241,1.504,229.94
2025-08-24,20,252.93,1834.58,19.241,1.504,229.94
2025-08-25,20,252.93,1834.58,19.241,1.504,229.94
2025-08-26,20,252.93,1834.58,19.241,1.504,229.94
2025-08-27,20,252.93,1834.58,19.241,1.504,229.94
2025-07-29,21,588.96,3082.35,19.496,4.843,535.42
2025-07-30,21,588.96,2977.63,18.834,4.843,535.42
2025-07-31,21,588.96,2854.23,18.054,4.843,535.42
2025-08-01,21,588.96,3058.21,19.344,4.843,535.42
2025-08-02,21,588.96,2968.26,18.775,4.843,535.42
2025-08-03,21,588.96,3070.05,19.419,4.843,535.42
2025-08-04,21,588.96,3028.82,19.158,4.843,535.42
2025-08-05,21,588.96,3052.59,19.308,4.843,535.42
2025-08-06,21,588.96,3045.79,19.265,4.843,535.42
2025-08-07,21,588.96,3037.77,19.214,4.843,535.42
2025-08-08,21,588.96,3051.02,19.298,4.843,535.42
2025-08-09,21,588.96,3045.18,19.261,4.843,535.42
2025-08-10,21,588.96,3051.79,19.303,4.843,535.42
2025-08-11,21,588.96,3049.11,19.286,4.843,535.42
2025-08-12,21,588.96,3050.66,19.296,4.843,535.42
2025-08-13,21,588.96,3050.22,19.293,4.843,535.42
2025-08-14,21,588.96,3049.7,19.29,4.843,535.42
2025-08-15,21,588.96,3050.56,19.295,4.843,535.42
2025-08-16,21,588.96,3050.18,19.293,4.843,535.42
2025-08-17,21,588.96,3050.61,19.296,4.843,535.42
2025-08-18,21,588.96,3050.43,19.295,4.843,535.42
2025-08-19,21,588.96,3050.53,19.295,4.843,535.42
2025-08-20,21,588.96,3050.51,19.295,4.843,535.42
2025-08-21,21,588.96,3050.47,19.295,4.843,535.42
2025-08-22,21,588.96,3050.53,19.295,4.843,535.42
2025-08-23,21,588.96,3050.5,19.295,4.843,535.42
2025-08-24,21,588.96,3050.53,19.295,4.843,535.42
2025-08-25,21,588.96,3050.52,19.295,4.843,535.42
2025-08-26,21,588.96,3050.53,19.295,4.843,535.42
2025-08-27,21,588.96,3050.52,19.295,4.843,535.42
2025-07-29,22,1655.41,11098.83,19.991,-2.007,1504.92
2025-07-30,22,1655.41,11405.95,20.544,-2.007,1504.92
2025-07-31,22,1655.41,11490.73,20.697,-2.007,1504.92
2025-08-01,22,1655.41,11635.12,20.957,-2.007,1504.92
2025-08-02,22,1655.41,10945.74,19.715,-2.007,1504.92
2025-08-03,22,1655.41,11198.03,20.17,-2.007,1504.92
2025-08-04,22,1655.41,11144.01,20.072,-2.007,1504.92
2025-08-05,22,1655.41,11290.18,20.336,-2.007,1504.92
2025-08-06,22,1655.41,11263.11,20.287,-2.007,1504.92
2025-08-07,22,1655.41,11255.63,20.274,-2.007,1504.92
2025-08-08,22,1655.41,11242.9,20.251,-2.007,1504.92
2025-08-09,22,1655.41,11303.68,20.36,-2.007,1504.92
2025-08-10,22,1655.41,11281.44,20.32,-2.007,1504.92
2025-08-11,22,1655.41,11286.2,20.329,-2.007,1504.92
2025-08-12,22,1655.41,11273.31,20.305,-2.007,1504.92
2025-08-13,22,1655.41,11275.7,20.31,-2.007,1504.92
2025-08-14,22,1655.41,11276.36,20.311,-2.007,1504.92
2025-08-15,22,1655.41,11277.48,20.313,-2.007,1504.92
2025-08-16,22,1655.41,11272.12,20.303,-2.007,1504.92
2025-08-17,22,1655.41,11274.08,20.307,-2.007,1504.92
2025-08-18,22,1655.41,11273.66,20.306,-2.007,1504.92
2025-08-19,22,1655.41,11274.8,20.308,-2.007,1504.92
2025-08-20,22,1655.41,11274.59,20.308,-2.007,1504.92
2025-08-21,22,1655.41,11274.53,20.308,-2.007,1504.92
2025-08-22,22,1655.41,11274.43,20.307,-2.007,1504.92
2025-08-23,22,1655.41,11274.91,20.308,-2.007,1504.92
2025-08-24,22,1655.41,11274.73,20.308,-2.007,1504.92
2025-08-25,22,1655.41,11274.77,20.308,-2.007,1504.92
2025-08-26,22,1655.41,11274.67,20.308,-2.007,1504.92
2025-08-27,22,1655.41,11274.69,20.308,-2.007,1504.92
2025-07-29,23,2424.11,24198.67,20.889,0.623,2203.74
2025-07-30,23,2424.11,23916.41,20.645,0.623,2203.74
2025-07-31,23,2424.11,23963.35,20.686,0.623,2203.74
2025-08-01,23,2424.11,23940.44,20.666,0.623,2203.74
2025-08-02,23,2424.11,23960.07,20.683,0.623,2203.74
2025-08-03,23,2424.11,23946.15,20.671,0.623,2203.74
2025-08-04,23,2424.11,23937.93,20.664,0.623,2203.74
2025-08-05,23,2424.11,23948.66,20.673,0.623,2203.74
2025-08-06,23,2424.11,23947.99,20.672,0.623,2203.74
2025-08-07,23,2424.11,23948.1,20.672,0.623,2203.74
2025-08-08,23,2424.11,23948.05,20.672,0.623,2203.74
2025-08-09,23,2424.11,23948.09,20.672,0.623,2203.74
2025-08-10,23,2424.11,23948.06,20.672,0.623,2203.74
2025-08-11,23,2424.11,23948.04,20.672,0.623,2203.74
2025-08-12,23,2424.11,23948.07,20.672,0.623,2203.74
2025-08-13,23,2424.11,23948.07,20.672,0.623,2203.74
2025-08-14,23,2424.11,23948.07,20.672,0.623,2203.74
2025-08-15,23,2424.11,23948.07,20.672,0.623,2203.74
2025-08-16,23,2424.11,23948.07,20.672,0.623,2203.74
2025-08-17,23,2424.11,23948.07,20.672,0.623,2203.74
2025-08-18,23,2424.11,23948.07,20.672,0.623,2203.74
2025-08-19,23,2424.11,23948.07,20.672,0.623,2203.74
2025-08-20,23,2424.11,23948.07,20.672,0.623,2203.74
2025-08-21,23,2424.11,23948.07,20.672,0.623,2203.74
2025-08-22,23,2424.11,23948.07,20.672,0.623,2203.74
2025-08-23,23,2424.11,23948.07,20.672,0.623,2203.74
2025-08-24,23,2424.11,23948.07,20.672,0.623,2203.74
2025-08-25,23,2424.11,23948.07,20.672,0.623,2203.74
2025-08-26,23,2424.11,23948.07,20.672,0.623,2203.74
2025-08-27,23,2424.11,23948.07,20.672,0.623,2203.74
2025-07-29,24,1363.37,6237.06,19.278,-2.463,1239.43
2025-07-30,24,1363.37,6251.75,19.324,-2.463,1239.43
2025-07-31,24,1363.37,6242.49,19.295,-2.463,1239.43
2025-08-01,24,1363.37,6239.67,19.287,-2.463,1239.43
2025-08-02,24,1363.37,6232.18,19.263,-2.463,1239.43
2025-08-03,24,1363.37,6239.96,19.287,-2.463,1239.43
2025-08-04,24,1363.37,6242.71,19.296,-2.463,1239.43
2025-08-05,24,1363.37,6240.91,19.29,-2.463,1239.43
2025-08-06,24,1363.37,6240.84,19.29,-2.463,1239.43
2025-08-07,24,1363.37,6240.88,19.29,-2.463,1239.43
2025-08-08,24,1363.37,6240.9,19.29,-2.463,1239.43
2025-08-09,24,1363.37,6240.93,19.29,-2.463,1239.43
2025-08-10,24,1363.37,6240.89,19.29,-2.463,1239.43
2025-08-11,24,1363.37,6240.88,19.29,-2.463,1239.43
2025-08-12,24,1363.37,6240.89,19.29,-2.463,1239.43
2025-08-13,24,1363.37,6240.89,19.29,-2.463,1239.43
2025-08-14,24,1363.37,6240.89,19.29,-2.463,1239.43
2025-08-15,24,1363.37,6240.89,19.29,-2.463,1239.43
2025-08-16,24,1363.37,6240.89,19.29,-2.463,1239.43
2025-08-17,24,1363.37,6240.89,19.29,-2.463,1239.43
2025-08-18,24,1363.37,6240.89,19.29,-2.463,1239.43
2025-08-19,24,1363.37,6240.89,19.29,-2.463,1239.43
2025-08-20,24,1363.37,6240.89,19.29,-2.463,1239.43
2025-08-21,24,1363.37,6240.89,19.29,-2.463,1239.43
2025-08-22,24,1363.37,6240.89,19.29,-2.463,1239.43
2025-08-23,24,1363.37,6240.89,19.29,-2.463,1239.43
2025-08-24,24,1363.37,6240.89,19.29,-2.463,1239.43
2025-08-25,24,1363.37,6240.89,19.29,-2.463,1239.43
2025-08-26,24,1363.37,6240.89,19.29,-2.463,1239.43
2025-08-27,24,1363.37,6240.89,19.29,-2.463,1239.43
2025-07-29,25,1237.87,10148.97,18.517,7.36,1125.34
2025-07-30,25,1237.87,8540.47,15.583,7.36,1125.34
2025-07-31,25,1237.87,10965.26,20.007,7.36,1125.34
2025-08-01,25,1237.87,9370.79,17.098,7.36,1125.34
2025-08-02,25,1237.87,11142.26,20.33,7.36,1125.34
2025-08-03,25,1237.87,10024.05,18.289,7.36,1125.34
2025-08-04,25,1237.87,10307.25,18.806,7.36,1125.34
2025-08-05,25,1237.87,10264.11,18.727,7.36,1125.34
2025-08-06,25,1237.87,9989.93,18.227,7.36,1125.34
2025-08-07,25,1237.87,10403.25,18.981,7.36,1125.34
2025-08-08,25,1237.87,10131.47,18.485,7.36,1125.34
2025-08-09,25,1237.87,10433.42,19.036,7.36,1125.34
2025-08-10,25,1237.87,10242.82,18.689,7.36,1125.34
2025-08-11,25,1237.87,10291.09,18.777,7.36,1125.34
2025-08-12,25,1237.87,10283.74,18.763,7.36,1125.34
2025-08-13,25,1237.87,10237.0,18.678,7.36,1125.34
2025-08-14,25,1237.87,10307.45,18.807,7.36,1125.34
2025-08-15,25,1237.87,10261.13,18.722,7.36,1125.34
2025-08-16,25,1237.87,10312.59,18.816,7.36,1125.34
2025-08-17,25,1237.87,10280.11,18.757,7.36,1125.34
2025-08-18,25,1237.87,10288.33,18.772,7.36,1125.34
2025-08-19,25,1237.87,10287.08,18.769,7.36,1125.34
2025-08-20,25,1237.87,10279.11,18.755,7.36,1125.34
2025-08-21,25,1237.87,10291.12,18.777,7.36,1125.34
2025-08-22,25,1237.87,10283.23,18.762,7.36,1125.34
2025-08-23,25,1237.87,10292.0,18.778,7.36,1125.34
2025-08-24,25,1237.87,10286.46,18.768,7.36,1125.34
2025-08-25,25,1237.87,10287.86,18.771,7.36,1125.34
2025-08-26,25,1237.87,10287.65,18.77,7.36,1125.34
2025-08-27,25,1237.87,10286.29,18.768,7.36,1125.34
2025-07-29,26,807.14,18608.55,19.897,-8.803,896.82
2025-07-30,26,807.14,18143.39,19.4,-8.803,896.82
2025-07-31,26,807.14,18450.32,19.728,-8.803,896.82
2025-08-01,26,807.14,18136.07,19.392,-8.803,896.82
2025-08-02,26,807.14,18856.95,20.163,-8.803,896.82
2025-08-03,26,807.14,18698.76,19.994,-8.803,896.82
2025-08-04,26,807.14,18343.95,19.615,-8.803,896.82
2025-08-05,26,807.14,18377.68,19.651,-8.803,896.82
2025-08-06,26,807.14,18351.76,19.623,-8.803,896.82
2025-08-07,26,807.14,18368.86,19.641,-8.803,896.82
2025-08-08,26,807.14,18351.35,19.622,-8.803,896.82
2025-08-09,26,807.14,18391.52,19.665,-8.803,896.82
2025-08-10,26,807.14,18382.71,19.656,-8.803,896.82
2025-08-11,26,807.14,18362.93,19.635,-8.803,896.82
2025-08-12,26,807.14,18364.81,19.637,-8.803,896.82
2025-08-13,26,807.14,18363.37,19.635,-8.803,896.82
2025-08-14,26,807.14,18364.32,19.636,-8.803,896.82
2025-08-15,26,807.14,18363.35,19.635,-8.803,896.82
2025-08-16,26,807.14,18365.58,19.638,-8.803,896.82
2025-08-17,26,807.14,18365.09,19.637,-8.803,896.82
2025-08-18,26,807.14,18363.99,19.636,-8.803,896.82
2025-08-19,26,807.14,18364.1,19.636,-8.803,896.82
2025-08-20,26,807.14,18364.02,19.636,-8.803,896.82
2025-08-21,26,807.14,18364.07,19.636,-8.803,896.82
2025-08-22,26,807.14,18364.01,19.636,-8.803,896.82
2025-08-23,26,807.14,18364.14,19.636,-8.803,896.82
2025-08-24,26,807.14,18364.11,19.636,-8.803,896.82
2025-08-25,26,807.14,18364.05,19.636,-8.803,896.82
2025-08-26,26,807.14,18364.06,19.636,-8.803,896.82
2025-08-27,26,807.14,18364.05,19.636,-8.803,896.82
2025-07-29,27,1293.96,5745.87,19.362,-6.518,1277.64
2025-07-30,27,1293.96,5729.14,19.306,-6.518,1277.64
2025-07-31,27,1293.96,5728.73,19.304,-6.518,1277.64
2025-08-01,27,1293.96,5728.73,19.304,-6.518,1277.64
2025-08-02,27,1293.96,5728.98,19.305,-6.518,1277.64
2025-08-03,27,1293.96,5728.85,19.305,-6.518,1277.64
2025-08-04,27,1293.96,5728.79,19.304,-6.518,1277.64
2025-08-05,27,1293.96,5728.85,19.305,-6.518,1277.64
2025-08-06,27,1293.96,5728.85,19.305,-6.518,1277.64
2025-08-07,27,1293.96,5728.85,19.305,-6.518,1277.64
2025-08-08,27,1293.96,5728.85,19.305,-6.518,1277.64
2025-08-09,27,1293.96,5728.85,19.305,-6.518,1277.64
2025-08-10,27,1293.96,5728.85,19.305,-6.518,1277.64
2025-08-11,27,1293.96,5728.85,19.305,-6.518,1277.64
2025-08-12,27,1293.96,5728.85,19.305,-6.518,1277.64
2025-08-13,27,1293.96,5728.85,19.305,-6.518,1277.64
2025-08-14,27,1293.96,5728.85,19.305,-6.518,1277.64
2025-08-15,27,1293.96,5728.85,19.305,-6.518,1277.64
2025-08-16,27,1293.96,5728.85,19.305,-6.518,1277.64
2025-08-17,27,1293.96,5728.85,19.305,-6.518,1277.64
2025-08-18,27,1293.96,5728.85,19.305,-6.518,1277.64
2025-08-19,27,1293.96,5728.85,19.305,-6.518,1277.64
2025-08-20,27,1293.96,5728.85,19.305,-6.518,1277.64
2025-08-21,27,1293.96,5728.85,19.305,-6.518,1277.64
2025-08-22,27,1293.96,5728.85,19.305,-6.518,1277.64
2025-08-23,27,1293.96,5728.85,19.305,-6.518,1277.64
2025-08-24,27,1293.96,5728.85,19.305,-6.518,1277.64
2025-08-25,27,1293.96,5728.85,19.305,-6.518,1277.64
2025-08-26,27,1293.96,5728.85,19.305,-6.518,1277.64
2025-08-27,27,1293.96,5728.85,19.305,-6.518,1277.64
2025-07-29,28,1429.9,8603.29,19.598,2.328,1299.91
2025-07-30,28,1429.9,8685.09,19.784,2.328,1299.91
2025-07-31,28,1429.9,8648.09,19.7,2.328,1299.91
2025-08-01,28,1429.9,8673.8,19.759,2.328,1299.91
2025-08-02,28,1429.9,8499.3,19.361,2.328,1299.91
2025-08-03,28,1429.9,8542.56,19.46,2.328,1299.91
2025-08-04,28,1429.9,8563.85,19.508,2.328,1299.91
2025-08-05,28,1429.9,8663.88,19.736,2.328,1299.91
2025-08-06,28,1429.9,8667.91,19.745,2.328,1299.91
2025-08-07,28,1429.9,8666.09,19.741,2.328,1299.91
2025-08-08,28,1429.9,8667.36,19.744,2.328,1299.91
2025-08-09,28,1429.9,8658.76,19.725,2.328,1299.91
2025-08-10,28,1429.9,8660.89,19.729,2.328,1299.91
2025-08-11,28,1429.9,8661.94,19.732,2.328,1299.91
2025-08-12,28,1429.9,8666.87,19.743,2.328,1299.91
2025-08-13,28,1429.9,8667.07,19.743,2.328,1299.91
2025-08-14,28,1429.9,8666.98,19.743,2.328,1299.91
2025-08-15,28,1429.9,8667.04,19.743,2.328,1299.91
2025-08-16,28,1429.9,8666.62,19.742,2.328,1299.91
2025-08-17,28,1429.9,8666.72,19.743,2.328,1299.91
2025-08-18,28,1429.9,8666.77,19.743,2.328,1299.91
2025-08-19,28,1429.9,8667.01,19.743,2.328,1299.91
2025-08-20,28,1429.9,8667.02,19.743,2.328,1299.91
2025-08-21,28,1429.9,8667.02,19.743,2.328,1299.91
2025-08-22,28,1429.9,8667.02,19.743,2.328,1299.91
2025-08-23,28,1429.9,8667.0,19.743,2.328,1299.91
2025-08-24,28,1429.9,8667.01,19.743,2.328,1299.91
2025-08-25,28,1429.9,8667.01,19.743,2.328,1299.91
2025-08-26,28,1429.9,8667.02,19.743,2.328,1299.91
2025-08-27,28,1429.9,8667.02,19.743,2.328,1299.91
2025-07-29,29,561.48,3742.91,19.633,-2.563,520.05
2025-07-30,29,561.48,3771.13,19.781,-2.563,520.05
2025-07-31,29,561.48,3685.98,19.334,-2.563,520.05
2025-08-01,29,561.48,3633.69,19.06,-2.563,520.05
2025-08-02,29,561.48,3772.76,19.789,-2.563,520.05
2025-08-03,29,561.48,3579.92,18.778,-2.563,520.05
2025-08-04,29,561.48,3383.24,17.746,-2.563,520.05
2025-08-05,29,561.48,3700.08,19.408,-2.563,520.05
2025-08-06,29,561.48,3695.99,19.387,-2.563,520.05
2025-08-07,29,561.48,3708.33,19.451,-2.563,520.05
2025-08-08,29,561.48,3715.91,19.491,-2.563,520.05
2025-08-09,29,561.48,3695.76,19.386,-2.563,520.05
2025-08-10,29,561.48,3723.71,19.532,-2.563,520.05
2025-08-11,29,561.48,3752.22,19.682,-2.563,520.05
2025-08-12,29,561.48,3706.29,19.441,-2.563,520.05
2025-08-13,29,561.48,3706.88,19.444,-2.563,520.05
2025-08-14,29,561.48,3705.09,19.434,-2.563,520.05
2025-08-15,29,561.48,3704.0,19.429,-2.563,520.05
2025-08-16,29,561.48,3706.92,19.444,-2.563,520.05
2025-08-17,29,561.48,3702.87,19.423,-2.563,520.05
2025-08-18,29,561.48,3698.73,19.401,-2.563,520.05
2025-08-19,29,561.48,3705.39,19.436,-2.563,520.05
2025-08-20,29,561.48,3705.3,19.436,-2.563,520.05
2025-08-21,29,561.48,3705.56,19.437,-2.563,520.05
2025-08-22,29,561.48,3705.72,19.438,-2.563,520.05
2025-08-23,29,561.48,3705.3,19.436,-2.563,520.05
2025-08-24,29,561.48,3705.89,19.439,-2.563,520.05
2025-08-25,29,561.48,3706.49,19.442,-2.563,520.05
2025-08-26,29,561.48,3705.52,19.437,-2.563,520.05
2025-08-27,29,561.48,3705.53,19.437,-2.563,520.05
2025-07-29,30,1392.86,11735.8,19.87,1.232,1266.24
2025-07-30,30,1392.86,11493.17,19.459,1.232,1266.24
2025-07-31,30,1392.86,11430.01,19.352,1.232,1266.24
2025-08-01,30,1392.86,11920.1,20.182,1.232,1266.24
2025-08-02,30,1392.86,11299.3,19.131,1.232,1266.24
2025-08-03,30,1392.86,11497.04,19.466,1.232,1266.24
2025-08-04,30,1392.86,11684.1,19.783,1.232,1266.24
2025-08-05,30,1392.86,11439.5,19.368,1.232,1266.24
2025-08-06,30,1392.86,11464.99,19.412,1.232,1266.24
2025-08-07,30,1392.86,11471.62,19.423,1.232,1266.24
2025-08-08,30,1392.86,11420.15,19.336,1.232,1266.24
2025-08-09,30,1392.86,11485.35,19.446,1.232,1266.24
2025-08-10,30,1392.86,11464.58,19.411,1.232,1266.24
2025-08-11,30,1392.86,11444.93,19.378,1.232,1266.24
2025-08-12,30,1392.86,11470.62,19.421,1.232,1266.24
2025-08-13,30,1392.86,11467.95,19.417,1.232,1266.24
2025-08-14,30,1392.86,11467.25,19.415,1.232,1266.24
2025-08-15,30,1392.86,11472.66,19.425,1.232,1266.24
2025-08-16,30,1392.86,11465.81,19.413,1.232,1266.24
2025-08-17,30,1392.86,11467.99,19.417,1.232,1266.24
2025-08-18,30,1392.86,11470.05,19.42,1.232,1266.24
2025-08-19,30,1392.86,11467.36,19.416,1.232,1266.24
2025-08-20,30,1392.86,11467.64,19.416,1.232,1266.24
2025-08-21,30,1392.86,11467.71,19.416,1.232,1266.24
2025-08-22,30,1392.86,11467.14,19.415,1.232,1266.24
2025-08-23,30,1392.86,11467.86,19.416,1.232,1266.24
2025-08-24,30,1392.86,11467.63,19.416,1.232,1266.24
2025-08-25,30,1392.86,11467.42,19.416,1.232,1266.24
2025-08-26,30,1392.86,11467.7,19.416,1.232,1266.24
2025-08-27,30,1392.86,11467.67,19.416,1.232,1266.24
